image_path,image_file,image_width,image_height,bbox_xmin,bbox_ymin,bbox_xmax,bbox_ymax,input_bbox_xmin_norm,input_bbox_ymin_norm,input_bbox_xmax_norm,input_bbox_ymax_norm,annotation_ids,gt_gaze_points_norm,gt_avg_x_norm,gt_avg_y_norm,pred_gaze_x_norm,pred_gaze_y_norm,pred_gaze_x_px,pred_gaze_y_px,min_l2,avg_l2,auc,gaze_angle_error_deg
test2/00000004/00004665.jpg,/home/jinwoongjung/MTGS/data/gazefollow_extended/test2/00000004/00004665.jpg,375,500,4.0,61.0,45.0,106.0,0.0,0.1129999980330467,0.1374666690826416,0.221000000834465,"[1, 2, 3, 4, 5, 6]","[[0.5730670094490051, 0.34512001276016235], [0.5426669716835022, 0.16200000047683716], [0.15600000321865082, 0.15800000727176666], [0.8040000200271606, 0.16599999368190765], [0.558667004108429, 0.16599999368190765], [0.5493329763412476, 0.16200000047683716]]",0.5306223034858704,0.1931866556406021,0.1253761202096939,0.2086636573076248,47.016045078635216,104.3318286538124,0.059199895709753,0.4055416285991668,0.7794671654701233,33.09148488543175
test2/00000002/00002944.jpg,/home/jinwoongjung/MTGS/data/gazefollow_extended/test2/00000002/00002944.jpg,500,333,135.0,104.0,173.0,143.0,0.2612000107765198,0.3006006181240082,0.3547999858856201,0.441141128540039,"[1, 2, 3, 4, 5, 6, 7]","[[0.6480000019073486, 0.42792800068855286], [0.7739999890327454, 0.45495501160621643], [0.9919999837875366, 0.3948949873447418], [0.5540000200271606, 0.3828830122947693], [0.5580000281333923, 0.3828830122947693], [0.6460000276565552, 0.3468469977378845], [0.5540000200271606, 0.38138100504875183]]",0.6751428246498108,0.3959674537181854,0.5525179505348206,0.4011568427085876,276.2589752674103,133.5852286219597,0.0183338318020105,0.1227346286177635,0.9497962594032288,3.150236448441414
test2/00000001/00001219.jpg,/home/jinwoongjung/MTGS/data/gazefollow_extended/test2/00000001/00001219.jpg,375,500,250.0,277.0,292.0,320.0,0.653866708278656,0.5454000234603882,0.7914666533470154,0.6485999822616577,"[1, 2, 3, 4, 5, 6]","[[0.7799999713897705, 0.5139999985694885], [0.5053330063819885, 0.5019999742507935], [0.3186669945716858, 0.5559999942779541], [0.7933329939842224, 0.5479999780654907], [0.8946670293807983, 0.527999997138977], [0.7839999794960022, 0.5299999713897705]]",0.6793332695960999,0.5296666622161865,0.4998707473278045,0.5396559238433838,187.4515302479267,269.8279619216919,0.0380500555038452,0.1797403246164322,0.8381825089454651,42.80234267445401
test2/00000002/00002901.jpg,/home/jinwoongjung/MTGS/data/gazefollow_extended/test2/00000002/00002901.jpg,500,372,350.0,30.0,478.0,168.0,0.6624000072479248,0.0435483790934085,0.9935999512672424,0.4887096881866455,"[1, 2, 3, 4, 5, 6, 7, 8, 9, 10]","[[0.8740000128746033, 0.4435479938983917], [0.8579999804496765, 0.5026879906654358], [0.8939999938011169, 0.4059140086174011], [0.8960000276565552, 0.45698899030685425], [0.8640000224113464, 0.45161300897598267], [0.8880000114440918, 0.4811829924583435], [0.8939999938011169, 0.49193501472473145], [0.8700000047683716, 0.42473098635673523], [0.8679999709129333, 0.4059140086174011], [0.878000020980835, 0.45430099964141846]]",0.8784000277519226,0.4518815875053406,0.5321632623672485,0.7166216373443604,266.08163118362427,266.58324909210205,0.389791190624237,0.4358522593975067,0.9746941328048706,48.47327001442897
test2/00000002/00002931.jpg,/home/jinwoongjung/MTGS/data/gazefollow_extended/test2/00000002/00002931.jpg,427,640,352.79998779296875,390.6000061035156,389.2000122070313,435.3999938964844,0.8059016466140747,0.6033124923706055,0.931803286075592,0.6873124837875366,"[1, 2, 3, 4, 5, 6, 7, 8, 9]","[[0.30379000306129456, 0.8072729706764221], [0.5081750154495239, 0.6327270269393921], [0.344666987657547, 0.769091010093689], [0.39371898770332336, 0.7763640284538269], [0.33921700716018677, 0.7599999904632568], [0.36101800203323364, 0.7763640284538269], [0.5490530133247375, 0.9018179774284363], [0.35556700825691223, 0.8981819748878479], [0.3489460051059723, 0.7718750238418579]]",0.3893502056598663,0.7881882190704346,0.8616503477096558,0.6574074029922485,367.924698472023,420.7407379150391,0.3543359041213989,0.49007248878479,0.7641266584396362,42.63530459331543
test2/00000004/00004526.jpg,/home/jinwoongjung/MTGS/data/gazefollow_extended/test2/00000004/00004526.jpg,640,427,265.0,51.0,311.0,109.0,0.3956249952316284,0.105854794383049,0.5043749809265137,0.2688524723052978,"[1, 2, 3, 4, 5, 6, 7, 8, 9]","[[0.8836359977722168, 0.8978710174560547], [0.7163640260696411, 0.8215669989585876], [0.9309089779853821, 0.8787950277328491], [0.8618180155754089, 0.6471580266952515], [0.8032730221748352, 0.8394439816474915], [0.8890910148620605, 0.9550989866256714], [0.9781820178031921, 0.6553329825401306], [0.8199999928474426, 0.9496489763259888], [0.8843749761581421, 0.9110069870948792]]",0.8630720376968384,0.8395470380783081,0.7555314302444458,0.9048384428024292,483.5401153564453,386.36601507663727,0.0785122886300087,0.1258091777563095,0.9243944883346558,9.282370737150721
test2/00000004/00004342.jpg,/home/jinwoongjung/MTGS/data/gazefollow_extended/test2/00000004/00004342.jpg,640,427,1.0,116.0,19.0,154.0,0.0,0.2627634704113006,0.0518750064074993,0.3695550560951233,"[1, 2, 3, 4, 5, 6, 7, 8]","[[0.3072730004787445, 0.3855440020561218], [0.04181800037622452, 0.3501169979572296], [0.7727270126342773, 0.3364909887313843], [0.20909099280834198, 0.45367300510406494], [0.3254550099372864, 0.3419420123100281], [0.6018180251121521, 0.4155209958553314], [0.6363639831542969, 0.4781990051269531], [0.31406301259994507, 0.36299800872802734]]",0.4010761380195617,0.3905606269836426,0.3377563059329986,0.5156623721122742,216.1640357971192,220.18783289194107,0.1336413919925689,0.1402135789394378,0.8869863152503967,21.393383983323513
test2/00000002/00002803.jpg,/home/jinwoongjung/MTGS/data/gazefollow_extended/test2/00000002/00002803.jpg,640,529,152.0,22.0,194.0,69.0,0.2262500077486038,0.0327032171189785,0.3143749833106994,0.1393194645643234,"[1, 2, 3, 4, 5, 6, 7, 8, 9, 10]","[[0.3799999952316284, 0.5373950004577637], [0.48181799054145813, 0.3394230008125305], [0.5018180012702942, 0.4054130017757416], [0.4836359918117523, 0.35701999068260193], [0.41636401414871216, 0.524196982383728], [0.3559269905090332, 0.540012001991272], [0.5072730183601379, 0.3218249976634979], [0.44909098744392395, 0.3482210040092468], [0.43090900778770447, 0.5065990090370178], [0.47968700528144836, 0.34215500950813293]]",0.4486522674560547,0.4222259521484375,0.5025647282600403,0.3440520465373993,321.6414260864258,182.00353261828425,0.0212568864226341,0.0949616432189941,0.947992205619812,14.046111709366418
test2/00000004/00004670.jpg,/home/jinwoongjung/MTGS/data/gazefollow_extended/test2/00000004/00004670.jpg,480,640,165.0,287.0,211.0,331.0,0.3341666460037231,0.4396874904632568,0.4491666853427887,0.5259374976158142,"[1, 2, 3, 4, 5, 6, 7, 8, 9, 10]","[[0.8490909934043884, 0.43090900778770447], [0.8224239945411682, 0.4145449995994568], [0.8248479962348938, 0.41636401414871216], [0.8418179750442505, 0.4145449995994568], [0.8272730112075806, 0.4254550039768219], [0.8030300140380859, 0.4290910065174103], [0.7881940007209778, 0.4668000042438507], [0.8030300140380859, 0.42181798815727234], [0.7957580089569092, 0.41636401414871216], [0.8166670203208923, 0.42031198740005493]]",0.817213237285614,0.4256203174591064,0.577788233757019,0.4269290864467621,277.33835220336914,273.23461532592773,0.2141501307487487,0.2394285798072815,0.9819026589393616,9.057986126598683
test2/00000001/00001660.jpg,/home/jinwoongjung/MTGS/data/gazefollow_extended/test2/00000001/00001660.jpg,410,300,109.0,67.0,139.0,97.0,0.2585365772247314,0.2133333384990692,0.346341460943222,0.3333333432674408,"[1, 2, 3, 4, 5, 6, 7, 8, 9, 10]","[[0.70243901014328, 0.28666698932647705], [0.40731701254844666, 0.1933329999446869], [0.44878000020980835, 0.19666700065135956], [0.5585370063781738, 0.2533330023288727], [0.435122013092041, 0.18520000576972961], [0.6560980081558228, 0.2633329927921295], [0.4292680025100708, 0.1933329999446869], [0.6024389863014221, 0.2766669988632202], [0.5951219797134399, 0.24333299696445465], [0.4317069947719574, 0.1899999976158142]]",0.5266829133033752,0.2281865626573562,0.5506553649902344,0.4172060191631317,225.7686996459961,125.16180574893951,0.1497756987810135,0.1905335485935211,0.7333278656005859,41.480827268605324
test2/00000000/00000191.jpg,/home/jinwoongjung/MTGS/data/gazefollow_extended/test2/00000000/00000191.jpg,640,426,206.0,127.0,291.0,228.0,0.2935937345027923,0.274413138628006,0.4829687476158142,0.5589202046394348,"[1, 2, 3, 4, 5, 6, 7, 8, 9, 10]","[[0.5818179845809937, 0.8906099796295166], [0.5490909814834595, 0.9015359878540039], [0.554544985294342, 0.9124630093574524], [0.5454549789428711, 0.9070000052452087], [0.5436360239982605, 0.8960729837417603], [0.5527269840240479, 0.8824160099029541], [0.5581820011138916, 0.8742210268974304], [0.5490909814834595, 0.8960729837417603], [0.5400000214576721, 0.9042680263519287], [0.5484380125999451, 0.8943660259246826]]",0.5522983074188232,0.8959026336669922,0.5131500959396362,0.4214752316474914,328.4160614013672,179.54844868183136,0.454979807138443,0.476039856672287,0.9761916399002076,68.90133656158444
test2/00000001/00001210.jpg,/home/jinwoongjung/MTGS/data/gazefollow_extended/test2/00000001/00001210.jpg,500,335,115.0,219.0,150.0,258.0,0.2182000130414962,0.6420895457267761,0.3117999732494354,0.7817910313606262,"[1, 2, 3, 4, 5, 6, 7, 8, 9]","[[0.5440000295639038, 0.8373129963874817], [0.4300000071525574, 0.4462690055370331], [0.3199999928474426, 0.5029850006103516], [0.38199999928474426, 0.643284022808075], [0.37880000472068787, 0.4658510088920593], [0.4059999883174896, 0.47313401103019714], [0.44600000977516174, 0.592536985874176], [0.42399999499320984, 0.5985069870948792], [0.4020000100135803, 0.46567198634147644]]",0.4147555530071258,0.5583946704864502,0.4105317890644073,0.3699174225330353,205.26589453220367,123.92233654856682,0.0787945166230201,0.1885245591402053,0.9003485441207886,21.234164017393656
test2/00000000/00000165.jpg,/home/jinwoongjung/MTGS/data/gazefollow_extended/test2/00000000/00000165.jpg,640,433,128.0,163.0,161.0,192.0,0.1948437392711639,0.3642032146453857,0.2567187547683716,0.4556581974029541,"[1, 2, 3, 4, 5, 6, 7, 8, 9, 10]","[[0.24181799590587616, 0.07001899927854538], [0.28909099102020264, 0.04851999878883362], [0.2365269958972931, 0.06819099932909012], [0.26909101009368896, 0.059268999844789505], [0.23818199336528778, 0.06464400142431259], [0.24363599717617035, 0.06733199954032898], [0.23999999463558197, 0.06733199954032898], [0.24181799590587616, 0.06464400142431259], [0.24727299809455872, 0.07001899927854538], [0.24062499403953552, 0.06697499752044678]]",0.2488060742616653,0.0646945014595985,0.723243236541748,0.0581920482218265,462.8756713867188,25.197156880050898,0.4342599809169769,0.4744817316532135,0.9649926424026488,50.92157767933895
test2/00000004/00004058.jpg,/home/jinwoongjung/MTGS/data/gazefollow_extended/test2/00000004/00004058.jpg,640,480,491.0,366.0,624.0,478.0,0.7464062571525574,0.70333331823349,0.9957812428474426,1.0,"[1, 2, 3, 4, 5, 6, 7, 8, 9]","[[0.761817991733551, 0.46363601088523865], [0.6800000071525574, 0.29878801107406616], [0.7218179702758789, 0.38606101274490356], [0.7432730197906494, 0.3825699985027313], [0.8418179750442505, 0.49272701144218445], [0.730908989906311, 0.38848501443862915], [0.7363640069961548, 0.38606101274490356], [0.8363639712333679, 0.45151498913764954], [0.731249988079071, 0.3833329975605011]]",0.753734827041626,0.4036861956119537,0.7840918302536011,0.5908890962600708,501.8187713623047,283.626766204834,0.1138775795698165,0.1896482855081558,0.952118992805481,3.769920448278606
test2/00000002/00002703.jpg,/home/jinwoongjung/MTGS/data/gazefollow_extended/test2/00000002/00002703.jpg,640,383,159.0,153.0,207.0,199.0,0.2409375011920929,0.3843342065811157,0.3309375047683716,0.5347258448600769,"[1, 2, 3, 4, 5, 6, 7]","[[0.5381820201873779, 0.12630000710487366], [0.5472729802131653, 0.11414700001478195], [0.323635995388031, 0.3754329979419708], [0.42181798815727234, 0.5425350069999695], [0.3363640010356903, 0.39973899722099304], [0.46000000834465027, 0.4756940007209778], [0.5406249761581421, 0.11749300360679626]]",0.4525568783283233,0.3073344230651855,0.4223457872867584,0.677584171295166,270.3013038635254,259.5147376060486,0.1350501924753189,0.371480256319046,0.8818663954734802,100.38070972843158
test2/00000001/00001492.jpg,/home/jinwoongjung/MTGS/data/gazefollow_extended/test2/00000001/00001492.jpg,640,427,343.0,105.0,412.0,184.0,0.5157812833786011,0.2274004817008972,0.6639062166213989,0.4494144916534424,"[1, 2, 3, 4, 5, 6, 7, 8, 9, 10]","[[0.39272698760032654, 0.666234016418457], [0.3819819986820221, 0.6946300268173218], [0.13818199932575226, 0.5926550030708313], [0.37818199396133423, 0.6417070031166077], [0.3254550099372864, 0.6880350112915039], [0.3109090030193329, 0.7370880246162415], [0.3479999899864197, 0.6841109991073608], [0.26909101009368896, 0.649882972240448], [0.34727299213409424, 0.6771339774131775], [0.34687501192092896, 0.679157018661499]]",0.3238676190376282,0.6710634231567383,0.4655837714672088,0.7096810936927795,297.9736137390137,303.03382700681686,0.0848278179764747,0.1468836069107055,0.96384197473526,20.139538041411885
test2/00000003/00003014.jpg,/home/jinwoongjung/MTGS/data/gazefollow_extended/test2/00000003/00003014.jpg,640,480,479.0,207.0,530.0,264.0,0.7348437309265137,0.4193749725818634,0.8417187929153442,0.56187504529953,"[1, 2, 3, 4, 5, 6, 7, 8, 9]","[[0.8654549717903137, 0.4830299913883209], [0.830909013748169, 0.6066669821739197], [0.8636360168457031, 0.5921210050582886], [0.7818179726600647, 0.5193939805030823], [0.8727269768714905, 0.47818198800086975], [0.8272730112075806, 0.5848479866981506], [0.9036359786987305, 0.5678790211677551], [0.8036360144615173, 0.5072730183601379], [0.8343750238418579, 0.59375]]",0.8426072597503662,0.5481271147727966,0.9003109931945801,0.4257586598396301,576.1990356445312,204.3641567230225,0.0592375174164772,0.1352913826704025,0.910744845867157,76.69813600269639
test2/00000000/00000802.jpg,/home/jinwoongjung/MTGS/data/gazefollow_extended/test2/00000000/00000802.jpg,640,424,86.0,83.0,168.0,181.0,0.1065624952316284,0.1726415008306503,0.2903124988079071,0.4500000178813934,"[1, 2, 3, 4, 5, 6, 7]","[[0.145455002784729, 0.8210980296134949], [0.2763639986515045, 0.13499100506305695], [0.15090900659561157, 0.7387650012969971], [0.1618179976940155, 0.7524870038032532], [0.19636400043964386, 0.7634649872779846], [0.1327269971370697, 0.7469980120658875], [0.1484380066394806, 0.7429249882698059]]",0.1731535643339157,0.6715326905250549,0.2041657716035843,0.4955024123191833,130.66609382629397,210.0930228233337,0.2490240335464477,0.1787412017583847,0.9285656213760376,5.796504508374878
test2/00000004/00004612.jpg,/home/jinwoongjung/MTGS/data/gazefollow_extended/test2/00000004/00004612.jpg,640,480,104.0,38.0,267.0,208.0,0.1304687559604644,0.0437499992549419,0.44921875,0.46875,"[1, 2, 3, 4, 5, 6, 7, 8, 9, 10]","[[0.8945450186729431, 0.7763640284538269], [0.8654549717903137, 0.8563640117645264], [0.8072729706764221, 0.7836359739303589], [0.8799999952316284, 0.7812119722366333], [0.9127269983291626, 0.8369699716567993], [0.4528909921646118, 0.38310301303863525], [0.8581820130348206, 0.8660609722137451], [0.5654550194740295, 0.49030300974845886], [0.8836359977722168, 0.9290909767150879], [0.862500011920929, 0.8583329916000366]]",0.7982663512229919,0.7561436891555786,0.9009775519371032,0.8188782930374146,576.6256332397461,393.061580657959,0.0215721651911735,0.120354562997818,0.9350242614746094,1.8817627378069068
test2/00000000/00000811.jpg,/home/jinwoongjung/MTGS/data/gazefollow_extended/test2/00000000/00000811.jpg,427,640,22.0,271.0,74.0,322.0,0.0393442660570144,0.4145312309265136,0.1854800879955291,0.5120312571525574,"[1, 2, 3, 4, 5, 6, 7]","[[0.4781990051269531, 0.33090901374816895], [0.48909899592399597, 0.47999998927116394], [0.58992999792099, 0.36000001430511475], [0.33376601338386536, 0.35636401176452637], [0.2874389886856079, 0.7672730088233948], [0.5310670137405396, 0.33374500274658203], [0.5011709928512573, 0.32968801259994507]]",0.4586672782897949,0.4225684106349945,0.5719900131225586,0.3526866734027862,244.2397356033325,225.7194709777832,0.019373383373022,0.1331371515989303,0.9167453050613404,6.824534921328677
test2/00000000/00000077.jpg,/home/jinwoongjung/MTGS/data/gazefollow_extended/test2/00000000/00000077.jpg,640,427,443.0,111.0,484.0,151.0,0.6857812404632568,0.2491803169250488,0.7626562714576721,0.3644028306007385,"[1, 2, 3, 4, 5, 6, 7, 8, 9]","[[0.5963640213012695, 0.30106499791145325], [0.4981819987297058, 0.27653801441192627], [0.3945449888706207, 0.33376601338386536], [0.5509089827537537, 0.32831600308418274], [0.5199999809265137, 0.3174149990081787], [0.6611089706420898, 0.3455660045146942], [0.6600000262260437, 0.3174149990081787], [0.5218179821968079, 0.29833900928497314], [0.5171880125999451, 0.3021079897880554]]",0.5466794967651367,0.3133920133113861,0.3722551167011261,0.3443836271762848,238.2432746887207,147.0518088042736,0.0246895160526037,0.1771562695503235,0.9564273953437804,3.9673328462627744
test2/00000002/00002922.jpg,/home/jinwoongjung/MTGS/data/gazefollow_extended/test2/00000002/00002922.jpg,500,333,419.0,118.0,444.0,146.0,0.8294000029563904,0.3459459245204925,0.8965999484062195,0.4468468427658081,"[1, 2, 3, 4, 5, 6, 7, 8]","[[0.7879999876022339, 0.35885900259017944], [0.25200000405311584, 0.1216220036149025], [0.2800000011920929, 0.1126129999756813], [0.24400000274181366, 0.10060100257396698], [0.23199999332427979, 0.08858899772167206], [0.25, 0.10360399633646011], [0.23000000417232513, 0.09759800136089325], [0.24199999868869781, 0.10210199654102325]]",0.3147500157356262,0.1356985121965408,0.2215838879346847,0.0864624232053756,110.79194396734238,28.7919869273901,0.0106309726834297,0.105376087129116,0.9083943963050842,0.3584418540229415
test2/00000004/00004257.jpg,/home/jinwoongjung/MTGS/data/gazefollow_extended/test2/00000004/00004257.jpg,640,424,5.0,115.0,45.0,166.0,0.0,0.2591980993747711,0.0868750065565109,0.4035377502441406,"[1, 2, 3, 4, 5, 6, 7, 8, 9, 10]","[[0.7654550075531006, 0.2639789879322052], [0.7454550266265869, 0.354544997215271], [0.46909099817276, 0.4286450147628784], [0.6654549837112427, 0.3188680112361908], [0.40363600850105286, 0.3408229947090149], [0.5418180227279663, 0.4807890057563782], [0.4709089994430542, 0.44785600900650024], [0.5036360025405884, 0.28867900371551514], [0.40363600850105286, 0.3902229964733124], [0.46875, 0.43396198749542236]]",0.5437840819358826,0.3748368620872497,0.3322304487228393,0.381225436925888,212.6274871826172,161.63958525657654,0.0719702020287513,0.2116500735282898,0.91090989112854,4.829794655952857
test2/00000000/00000074.jpg,/home/jinwoongjung/MTGS/data/gazefollow_extended/test2/00000000/00000074.jpg,640,634,393.0,107.0,450.0,178.0,0.5920312404632568,0.1575709730386734,0.7251562476158142,0.2919558584690094,"[1, 2, 3, 4, 5, 6, 7, 8, 9, 10]","[[0.554544985294342, 0.7018929719924927], [0.46909099817276, 0.30177798867225647], [0.46181800961494446, 0.3091199994087219], [0.4727270007133484, 0.31829699873924255], [0.42363598942756653, 0.5679090023040771], [0.5581820011138916, 0.7073990106582642], [0.4854550063610077, 0.27608299255371094], [0.48909100890159607, 0.30728399753570557], [0.43090900778770447, 0.6358190178871155], [0.47343799471855164, 0.3028390109539032]]",0.4818891882896423,0.4428420662879944,0.4660005271434784,0.3037168383598327,298.2403373718262,192.556475520134,0.0036483076401054,0.140029564499855,0.9492722153663636,28.691741332513086
test2/00000000/00000347.jpg,/home/jinwoongjung/MTGS/data/gazefollow_extended/test2/00000000/00000347.jpg,640,427,134.0,277.0,197.0,343.0,0.1967187374830246,0.6332552433013916,0.3204687535762787,0.8187353610992432,"[1, 2, 3, 4, 5, 6, 7, 8, 9]","[[0.5418180227279663, 0.8542690277099609], [0.5781819820404053, 0.6389819979667664], [0.8945450186729431, 0.9196720123291016], [0.53090900182724, 0.8597189784049988], [0.4581820070743561, 0.7997660040855408], [0.6188179850578308, 0.8436949849128723], [0.4563640058040619, 0.8569939732551575], [0.3690910041332245, 0.7888649702072144], [0.534375011920929, 0.8548009991645813]]",0.5535871982574463,0.8240848183631897,0.5252492427825928,0.4408549666404724,336.1595153808594,188.2450707554817,0.2050760686397552,0.3842761516571045,0.6351032257080078,65.31135726321517
test2/00000000/00000524.jpg,/home/jinwoongjung/MTGS/data/gazefollow_extended/test2/00000000/00000524.jpg,480,640,410.0,26.0,476.0,151.0,0.7639583349227905,0.021093750372529,1.0,0.2554687559604645,"[1, 2, 3, 4, 5, 6, 7, 8, 9]","[[0.7206060290336609, 0.07636400312185287], [0.4709089994430542, 0.06727299839258194], [0.4418179988861084, 0.08545500040054321], [0.264847993850708, 0.08181799948215485], [0.46363601088523865, 0.06181799992918968], [0.466060996055603, 0.06465499848127365], [0.4587880074977875, 0.07090900093317032], [0.4684849977493286, 0.06181799992918968], [0.4604170024394989, 0.06718699634075165]]",0.46839639544487,0.070810779929161,0.0636548027396202,0.0516909770667552,30.5543053150177,33.08222532272339,0.2034363150596618,0.4051929414272308,0.9412387609481812,3.2251906196017317
test2/00000002/00002771.jpg,/home/jinwoongjung/MTGS/data/gazefollow_extended/test2/00000002/00002771.jpg,640,355,131.0,197.0,239.0,304.0,0.1878124922513961,0.5230985879898071,0.3903124928474426,0.88816899061203,"[1, 2, 3, 4, 5, 6, 7, 8, 9]","[[0.769091010093689, 0.23449400067329407], [0.5472729802131653, 0.28038400411605835], [0.3527269959449768, 0.31316301226615906], [0.5454549789428711, 0.20827099680900574], [0.7636359930038452, 0.22793899476528168], [0.39090898633003235, 0.24105000495910645], [0.5490909814834595, 0.24105000495910645], [0.5472729802131653, 0.2639949917793274], [0.546875, 0.25352099537849426]]",0.5569255352020264,0.2515407800674438,0.5483852028846741,0.1113511472940445,350.9665298461914,39.5296572893858,0.0969641357660293,0.1404495239257812,0.949655830860138,6.961097647659951
test2/00000004/00004662.jpg,/home/jinwoongjung/MTGS/data/gazefollow_extended/test2/00000004/00004662.jpg,640,424,510.0,225.0,605.0,317.0,0.782031238079071,0.5047169923782349,0.960156261920929,0.7735849022865295,"[1, 2, 3, 4, 5, 6, 7, 8, 9, 10]","[[0.5145450234413147, 0.5164669752120972], [0.21090899407863617, 0.6509429812431335], [0.20181800425052643, 0.7744429707527161], [0.49272701144218445, 0.6866210103034973], [0.22545500099658966, 0.6262440085411072], [0.4545449912548065, 0.14322499930858612], [0.5727270245552063, 0.6975989937782288], [0.5199999809265137, 0.6344770193099976], [0.18545499444007874, 0.6564319729804993], [0.20781299471855164, 0.6438680291175842]]",0.3585993945598602,0.6030319333076477,0.1747870594263076,0.7445670366287231,111.86371803283691,315.6964235305786,0.0402894951403141,0.2319895774126052,0.8313020467758179,12.64018007618152
test2/00000001/00001448.jpg,/home/jinwoongjung/MTGS/data/gazefollow_extended/test2/00000001/00001448.jpg,300,208,164.0,86.0,185.0,109.0,0.5356666445732117,0.4024038314819336,0.6276666522026062,0.5350961685180664,"[1, 2, 3, 4, 5, 6]","[[0.40062201023101807, 0.699999988079071], [0.46302199363708496, 0.4866670072078705], [0.24346700310707092, 0.6700000166893005], [0.016977999359369278, 0.5533329844474792], [0.12097799777984619, 0.44666698575019836], [0.013333000242710114, 0.5480769872665405]]",0.2097333520650863,0.567457377910614,0.1272011250257492,0.5014129877090454,38.16033750772476,104.29390144348145,0.0550985671579837,0.1057044491171836,0.8876121044158936,10.752255566917714
test2/00000001/00001397.jpg,/home/jinwoongjung/MTGS/data/gazefollow_extended/test2/00000001/00001397.jpg,640,480,382.0,315.0,484.0,397.0,0.5809375047683716,0.6141666173934937,0.7721875309944153,0.8691666722297668,"[1, 2, 3, 4, 5, 6, 7, 8, 9, 10]","[[0.5018180012702942, 0.43212100863456726], [0.5199999809265137, 0.43454501032829285], [0.5418180227279663, 0.41515201330184937], [0.5218179821968079, 0.3812119960784912], [0.5436360239982605, 0.40303000807762146], [0.5201640129089355, 0.440993994474411], [0.5327270030975342, 0.4248479902744293], [0.5109090209007263, 0.466060996055603], [0.5272729992866516, 0.466060996055603], [0.5234379768371582, 0.42708298563957214]]",0.5243600606918335,0.4291107058525085,0.590764045715332,0.6927326917648315,378.0889892578125,332.51169204711914,0.2353957742452621,0.2718566656112671,0.993121862411499,34.33807187821051
test2/00000002/00002943.jpg,/home/jinwoongjung/MTGS/data/gazefollow_extended/test2/00000002/00002943.jpg,640,433,129.0,61.0,192.0,135.0,0.1814062595367431,0.1237875372171402,0.3201562464237213,0.3288683593273163,"[1, 2, 3, 4, 5, 6, 7, 8, 9, 10]","[[0.30363601446151733, 0.41937899589538574], [0.2963640093803406, 0.4435650110244751], [0.29818201065063477, 0.42206600308418274], [0.31818199157714844, 0.46506398916244507], [0.3199999928474426, 0.4596889913082123], [0.3056179881095886, 0.43343299627304077], [0.2825450003147125, 0.47194400429725647], [0.3109090030193329, 0.4381900131702423], [0.3109090030193329, 0.4596889913082123], [0.3046880066394806, 0.4434179961681366]]",0.3051033318042755,0.4456437230110168,0.4668944478034973,0.6594697833061218,298.8124465942383,285.55041617155075,0.2447631657123565,0.2681379318237304,0.9882276654243468,12.605045100466226
test2/00000003/00003251.jpg,/home/jinwoongjung/MTGS/data/gazefollow_extended/test2/00000003/00003251.jpg,427,640,387.0,86.0,424.0,155.0,0.851873517036438,0.1235937625169754,1.0,0.2529687285423279,"[1, 2, 3, 4, 5, 6, 7, 8]","[[0.7779650092124939, 0.20181800425052643], [0.18115800619125366, 0.8109089732170105], [0.49182501435279846, 0.2800000011920929], [0.4972749948501587, 0.4000000059604645], [0.5327020287513733, 0.28909099102020264], [0.5, 0.3109090030193329], [0.19314900040626526, 0.8010179996490479], [0.5058550238609314, 0.29218700528144836]]",0.4599911570549011,0.4232414960861206,0.1964314579963684,0.813348114490509,83.87623256444931,520.5427932739258,0.0127595560625195,0.4707939028739929,0.8598947525024414,13.830949408871161
test2/00000002/00002241.jpg,/home/jinwoongjung/MTGS/data/gazefollow_extended/test2/00000002/00002241.jpg,427,640,176.0,385.0,204.0,416.0,0.4014051258563995,0.5967187285423279,0.4885246157646179,0.6548437476158142,"[1, 2, 3, 4, 5, 6, 7, 8]","[[0.2220350056886673, 0.12181799858808517], [0.7425379753112793, 0.7545449733734131], [0.21658499538898468, 0.12909099459648132], [0.21658499538898468, 0.12363599985837936], [0.24111099541187286, 0.1309089958667755], [0.219310000538826, 0.1163640022277832], [0.23293599486351013, 0.11999999731779099], [0.22248199582099915, 0.12187500298023224]]",0.2891977429389953,0.2022797465324401,0.217909887433052,0.1172708496451377,93.04752193391325,75.05334377288818,0.001668139360845,0.1109435483813285,0.8599854707717896,3.86732755668833
test2/00000003/00003195.jpg,/home/jinwoongjung/MTGS/data/gazefollow_extended/test2/00000003/00003195.jpg,640,318,528.0,55.0,567.0,97.0,0.8160937428474426,0.1597484350204467,0.8948437571525574,0.3182389736175537,"[1, 2, 3, 4, 5, 6, 7, 8]","[[0.46909099817276, 0.5548890233039856], [0.8818179965019226, 0.26214998960494995], [0.6898180246353149, 0.3373839855194092], [0.16545499861240387, 0.7049170136451721], [0.9563639760017395, 0.4597479999065399], [0.5109090209007263, 0.5365920066833496], [0.5745450258255005, 0.43047499656677246], [0.46875, 0.5534589886665344]]",0.589593768119812,0.4799517393112182,0.8634760975837708,0.1815887242555618,552.6247024536133,57.74521431326866,0.0826228931546211,0.4050086736679077,0.6604478359222412,140.1263661057831
test2/00000004/00004200.jpg,/home/jinwoongjung/MTGS/data/gazefollow_extended/test2/00000004/00004200.jpg,640,428,80.0,1.0,143.0,45.0,0.1151562482118606,0.0,0.2332812547683715,0.1460280418395996,"[1, 2, 3, 4, 5, 6, 7, 8, 9, 10]","[[0.2654550075531006, 0.13568399846553802], [0.25999999046325684, 0.15743400156497955], [0.6981819868087769, 0.21452799439430237], [0.261817991733551, 0.06771499663591385], [0.2636359930038452, 0.07587099820375443], [0.7236359715461731, 0.19277800619602203], [0.7181820273399353, 0.21996599435806274], [0.2818180024623871, 0.10577700287103653], [0.7218179702758789, 0.2036529928445816], [0.715624988079071, 0.20560699701309204]]",0.4910169541835785,0.1579013168811798,0.2698624730110168,0.076444461941719,172.71198272705078,32.71822971105576,0.0062528327107429,0.2356788516044616,0.946371853351593,12.94610882691779
test2/00000000/00000398.jpg,/home/jinwoongjung/MTGS/data/gazefollow_extended/test2/00000000/00000398.jpg,640,426,539.0,61.0,630.0,143.0,0.8279687762260437,0.1112676635384559,0.9985936880111694,0.3676055669784546,"[1, 2, 3, 4, 5, 6, 7, 8, 9, 10]","[[0.25818198919296265, 0.30059799551963806], [0.2909089922904968, 0.5], [0.31636399030685425, 0.5819460153579712], [0.31818199157714844, 0.43171098828315735], [0.28909099102020264, 0.42078500986099243], [0.41999998688697815, 0.4781480133533478], [0.3363640010356903, 0.49180498719215393], [0.31454500555992126, 0.5464360117912292], [0.32909101247787476, 0.48361098766326904], [0.32656198740005493, 0.49530500173568726]]",0.3199289739131927,0.4730344712734222,0.2272797226905822,0.2317858636379242,145.45902252197266,98.7407779097557,0.0754324868321418,0.2584275007247925,0.9731522798538208,22.128122426352977
test2/00000003/00003017.jpg,/home/jinwoongjung/MTGS/data/gazefollow_extended/test2/00000003/00003017.jpg,640,427,95.0,176.0,157.0,244.0,0.1331249922513961,0.3962529301643371,0.2606250047683716,0.5873536467552185,"[1, 2, 3, 4, 5, 6, 7, 8, 9, 10]","[[0.8509089946746826, 0.6226310133934021], [0.8290910124778748, 0.6117309927940369], [0.6072729825973511, 0.5572280287742615], [0.6545450091362, 0.5490530133247375], [0.8618180155754089, 0.6308069825172424], [0.8774549961090088, 0.6094689965248108], [0.8254550099372864, 0.6417070031166077], [0.8345450162887573, 0.6280819773674011], [0.8290910124778748, 0.6335319876670837], [0.8359379768371582, 0.6252930164337158]]",0.8006119728088379,0.6109532713890076,0.6447690725326538,0.5462401509284973,412.6522064208984,233.24454444646835,0.0101725682616233,0.1687447726726532,0.9891144633293152,4.234374498188902
test2/00000000/00000976.jpg,/home/jinwoongjung/MTGS/data/gazefollow_extended/test2/00000000/00000976.jpg,640,426,340.0,64.0,471.0,222.0,0.4854687750339508,0.1131455302238464,0.7817187309265137,0.5582159757614136,"[1, 2, 3, 4, 5, 6, 7, 8, 9]","[[0.2763639986515045, 0.8742210268974304], [0.30000001192092896, 0.8277850151062012], [0.28545498847961426, 0.8769530057907104], [0.3254550099372864, 0.7540330290794373], [0.4672729969024658, 0.6584290266036987], [0.31454500555992126, 0.7130600214004517], [0.27454501390457153, 0.9070000052452087], [0.3127270042896271, 0.8032010197639465], [0.27812498807907104, 0.8732389807701111]]",0.3149431943893432,0.8097690343856812,0.4853649437427521,0.6418593525886536,310.6335639953613,273.4320842027664,0.0245330929756164,0.2392430454492569,0.8683575987815857,8.073566201589328
test2/00000003/00003388.jpg,/home/jinwoongjung/MTGS/data/gazefollow_extended/test2/00000003/00003388.jpg,428,640,322.0,221.0,388.0,298.0,0.7214952707290649,0.3332812190055847,0.937383234500885,0.4776562750339508,"[1, 2, 3, 4, 5, 6, 7, 8, 9]","[[0.42115500569343567, 0.645455002784729], [0.47824999690055847, 0.6436359882354736], [0.567969024181366, 0.6145449876785278], [0.3015289902687073, 0.6145449876785278], [0.5054380297660828, 0.6399999856948853], [0.4102799892425537, 0.6636360287666321], [0.33959200978279114, 0.87636399269104], [0.40212398767471313, 0.6636360287666321], [0.4275699853897095, 0.653124988079071]]",0.4282118678092956,0.6683269143104553,0.691463828086853,0.6312885284423828,295.9465184211731,404.024658203125,0.1246246844530105,0.2658447623252868,0.9059442281723022,25.344937471175715
test2/00000000/00000588.jpg,/home/jinwoongjung/MTGS/data/gazefollow_extended/test2/00000000/00000588.jpg,500,375,174.0,104.0,222.0,156.0,0.3336000144481659,0.2634666860103607,0.4583999812602997,0.4298666715621948,"[1, 2, 3, 4, 5, 6, 7]","[[0.8960000276565552, 0.3240000009536743], [0.4880000054836273, 0.4493330121040344], [0.6539999842643738, 0.5746669769287109], [0.4819999933242798, 0.4093329906463623], [0.8299999833106995, 0.47600001096725464], [0.6359999775886536, 0.43333300948143005], [0.48399999737739563, 0.4266670048236847]]",0.6385713815689087,0.4419047236442566,0.711505651473999,0.3381437063217163,355.7528257369995,126.80388987064362,0.1214994266629219,0.1268296390771865,0.9014079570770264,22.983291027204118
test2/00000002/00002776.jpg,/home/jinwoongjung/MTGS/data/gazefollow_extended/test2/00000002/00002776.jpg,427,640,87.0,34.0,212.0,177.0,0.1491803228855133,0.0307812448590993,0.5510538816452026,0.2989062666893005,"[1, 2, 3, 4, 5, 6, 7, 8, 9]","[[0.5790290236473083, 0.3672730028629303], [0.8924210071563721, 0.8799999952316284], [0.5327020287513733, 0.4000000059604645], [0.576304018497467, 0.40545499324798584], [0.576304018497467, 0.3945449888706207], [0.8733450174331665, 0.8799999952316284], [0.9496489763259888, 0.7836359739303589], [0.5463269948959351, 0.40181800723075867], [0.5597190260887146, 0.39375001192092896]]",0.6761999726295471,0.5451641082763672,0.5560503602027893,0.4118844866752624,237.43350380659103,263.606071472168,0.013995636254549,0.1794418692588806,0.8928038477897644,0.7948556290474682
test2/00000002/00002144.jpg,/home/jinwoongjung/MTGS/data/gazefollow_extended/test2/00000002/00002144.jpg,640,427,533.0,72.0,590.0,137.0,0.81640625,0.1533957868814468,0.938281238079071,0.3360655605792999,"[1, 2, 3, 4, 5, 6, 7, 8]","[[0.7436360120773315, 0.33376601338386536], [0.5181819796562195, 0.6989349722862244], [0.43090900778770447, 0.7888649702072144], [0.8509089946746826, 0.29561400413513184], [0.6000000238418579, 0.5327020287513733], [0.7945449948310852, 0.45912298560142517], [0.8401640057563782, 0.40715399384498596], [0.4281249940395355, 0.784542977809906]]",0.6508086919784546,0.5375877022743225,0.6095423698425293,0.7130494117736816,390.1071166992188,304.47209882736206,0.0924442410469055,0.1802490502595901,0.7919214367866516,7.960729660888733
test2/00000003/00003886.jpg,/home/jinwoongjung/MTGS/data/gazefollow_extended/test2/00000003/00003886.jpg,453,300,133.0,9.0,217.0,122.0,0.2391832172870636,0.0,0.5334436893463135,0.4443333446979522,"[1, 2, 3, 4, 5, 6, 7, 8, 9, 10]","[[0.7163360118865967, 0.9300000071525574], [0.8024280071258545, 0.7799999713897705], [0.5286980271339417, 0.636667013168335], [0.8178809881210327, 0.7833330035209656], [0.7582780122756958, 0.786666989326477], [0.5286980271339417, 0.6266670227050781], [0.7281240224838257, 0.8618670105934143], [0.5485649704933167, 0.9033330082893372], [0.7097129821777344, 0.9200000166893005], [0.5275939702987671, 0.6299999952316284]]",0.6666315197944641,0.785853385925293,0.7546741962432861,0.8650510907173157,341.8674108982086,259.5153272151947,0.0267404206097126,0.118422083556652,0.9431803226470948,3.3710149340089197
test2/00000004/00004707.jpg,/home/jinwoongjung/MTGS/data/gazefollow_extended/test2/00000004/00004707.jpg,640,480,152.0,122.0,190.0,162.0,0.2296874970197677,0.2458333373069763,0.3046875,0.3458333313465118,"[1, 2, 3, 4, 5, 6, 7]","[[0.182545006275177, 0.312267005443573], [0.17090900242328644, 0.3375760018825531], [0.21454499661922455, 0.8709089756011963], [0.20363600552082062, 0.8733329772949219], [0.15636399388313293, 0.8296970129013062], [0.16545499861240387, 0.3060609996318817], [0.171875, 0.3145830035209656]]",0.1807612925767898,0.5492036938667297,0.3419217765331268,0.9209856986999512,218.8299369812012,442.07313537597656,0.136866807937622,0.4052092730998993,0.8557864427566528,25.651940315778397
test2/00000003/00003677.jpg,/home/jinwoongjung/MTGS/data/gazefollow_extended/test2/00000003/00003677.jpg,500,400,226.0,61.0,253.0,88.0,0.4466000199317932,0.1457500010728836,0.5113999843597412,0.226749986410141,"[1, 2, 3, 4, 5, 6, 7, 8, 9]","[[0.30799999833106995, 0.22750000655651093], [0.0820000022649765, 0.20499999821186066], [0.30399999022483826, 0.2524999976158142], [0.1420000046491623, 0.1574999988079071], [0.34599998593330383, 0.20000000298023224], [0.36667999625205994, 0.21639999747276306], [0.34599998593330383, 0.1850000023841858], [0.36000001430511475, 0.20999999344348907], [0.35199999809265137, 0.20250000059604645]]",0.2896310985088348,0.2062666714191436,0.3861027061939239,0.3339240550994873,193.051353096962,133.56962203979492,0.1156318858265876,0.1600099354982376,0.8911997675895691,51.79336587332517
test2/00000002/00002290.jpg,/home/jinwoongjung/MTGS/data/gazefollow_extended/test2/00000002/00002290.jpg,640,533,200.0,116.0,243.0,166.0,0.2992187440395355,0.2082551568746566,0.3929687440395355,0.3208255171775818,"[1, 2, 3, 4, 5, 6, 7, 8]","[[0.8999999761581421, 0.36682599782943726], [0.9127269983291626, 0.3384439945220947], [0.25999999046325684, 0.1288589984178543], [0.8418179750442505, 0.35154399275779724], [0.27272701263427734, 0.1310420036315918], [0.46000000834465027, 0.31442898511886597], [0.9145449995994568, 0.5240150094032288], [0.26406198740005493, 0.12758000195026398]]",0.6032348871231079,0.2853423655033111,0.2682000398635864,0.1271307617425918,171.6480255126953,67.76069600880146,0.0041623665019869,0.3705121576786041,0.7736784219741821,124.17270978070573
test2/00000000/00000656.jpg,/home/jinwoongjung/MTGS/data/gazefollow_extended/test2/00000000/00000656.jpg,427,640,77.0,227.0,146.0,293.0,0.1641686260700225,0.3415625095367431,0.3580796122550964,0.4709374904632568,"[1, 2, 3, 4, 5, 6, 7, 8, 9]","[[0.8515440225601196, 0.2818180024623871], [0.7398130297660828, 0.5272729992866516], [0.6880350112915039, 0.5109090209007263], [0.7888649702072144, 0.22727300226688385], [0.6744089722633362, 0.5272729992866516], [0.8569939732551575, 0.3490909934043884], [0.8188419938087463, 0.22545500099658966], [0.6880350112915039, 0.2836360037326813], [0.6932079792022705, 0.518750011920929]]",0.7555272579193115,0.3834975957870483,0.8064540028572083,0.2280412316322326,344.3558592200279,145.9463882446289,0.0126550737768411,0.1635854989290237,0.9300085306167604,15.462024248796157
test2/00000000/00000708.jpg,/home/jinwoongjung/MTGS/data/gazefollow_extended/test2/00000000/00000708.jpg,500,375,260.0,26.0,297.0,58.0,0.5126000046730042,0.052799966186285,0.6014000177383423,0.1712000370025634,"[1, 2, 3, 4, 5, 6, 7]","[[0.13600000739097595, 0.46000000834465027], [0.40400001406669617, 0.2893329858779907], [0.5199999809265137, 0.3693329989910126], [0.5860000252723694, 0.39066699147224426], [0.3959999978542328, 0.249332994222641], [0.6380000114440918, 0.09200000017881393], [0.39800000190734863, 0.2666670083999634]]",0.4397142827510834,0.302476167678833,0.6240268349647522,0.6706475019454956,312.0134174823761,251.49281322956085,0.282551109790802,0.4117295742034912,0.563008725643158,38.46436450324669
test2/00000003/00003833.jpg,/home/jinwoongjung/MTGS/data/gazefollow_extended/test2/00000003/00003833.jpg,640,480,521.0,167.0,637.0,296.0,0.7770313024520874,0.3210416734218597,1.0,0.6435416340827942,"[1, 2, 3, 4, 5, 6, 7, 8]","[[0.8490909934043884, 0.2818180024623871], [0.8454549908638, 0.21636399626731873], [0.9218180179595947, 0.21636399626731873], [0.9581819772720337, 0.18000000715255737], [0.9347090125083923, 0.10887300223112106], [0.8854550123214722, 0.24545499682426453], [0.9890909790992737, 0.28424200415611267], [0.8703129887580872, 0.2416670024394989]]",0.906764268875122,0.2218478769063949,0.8639668226242065,0.4258250594139099,552.9387664794922,204.3960285186768,0.1447733491659164,0.2084185928106308,0.886955738067627,27.504990165107333
test2/00000003/00003797.jpg,/home/jinwoongjung/MTGS/data/gazefollow_extended/test2/00000003/00003797.jpg,480,640,418.0,137.0,477.0,218.0,0.8280208110809326,0.2014062404632568,1.0,0.3532812595367431,"[1, 2, 3, 4, 5, 6]","[[0.6090909838676453, 0.37818199396133423], [0.08545500040054321, 0.46000000834465027], [0.4878790080547333, 0.31818199157714844], [0.6595150232315063, 0.3555639982223511], [0.18000000715255737, 0.29818201065063477], [0.6312500238418579, 0.3656249940395355]]",0.4421983659267425,0.3626224994659424,0.5633859038352966,0.2273409217596054,270.4252338409424,145.49818992614746,0.1181244775652885,0.1816246807575225,0.8424205183982849,18.361709145954155
